"name","licenseId","isOsiApproved","isFsfLibre","reference"
"BSD Zero Clause License","0BSD","Y","","https://spdx.org/licenses/0BSD.html"
"3D Slicer License v1.0","3D-Slicer-1.0","","","https://spdx.org/licenses/3D-Slicer-1.0.html"
"Attribution Assurance License","AAL","Y","","https://spdx.org/licenses/AAL.html"
"Abstyles License","Abstyles","","","https://spdx.org/licenses/Abstyles.html"
"AdaCore Doc License","AdaCore-doc","","","https://spdx.org/licenses/AdaCore-doc.html"
"Adobe Systems Incorporated Source Code License Agreement","Adobe-2006","","","https://spdx.org/licenses/Adobe-2006.html"
"Adobe Display PostScript License","Adobe-Display-PostScript","","","https://spdx.org/licenses/Adobe-Display-PostScript.html"
"Adobe Glyph List License","Adobe-Glyph","","","https://spdx.org/licenses/Adobe-Glyph.html"
"Adobe Utopia Font License","Adobe-Utopia","","","https://spdx.org/licenses/Adobe-Utopia.html"
"Amazon Digital Services License","ADSL","","","https://spdx.org/licenses/ADSL.html"
"Advanced Cryptics Dictionary License","Advanced-Cryptics-Dictionary","","","https://spdx.org/licenses/Advanced-Cryptics-Dictionary.html"
"Academic Free License v1.1","AFL-1.1","Y","Y","https://spdx.org/licenses/AFL-1.1.html"
"Academic Free License v1.2","AFL-1.2","Y","Y","https://spdx.org/licenses/AFL-1.2.html"
"Academic Free License v2.0","AFL-2.0","Y","Y","https://spdx.org/licenses/AFL-2.0.html"
"Academic Free License v2.1","AFL-2.1","Y","Y","https://spdx.org/licenses/AFL-2.1.html"
"Academic Free License v3.0","AFL-3.0","Y","Y","https://spdx.org/licenses/AFL-3.0.html"
"Afmparse License","Afmparse","","","https://spdx.org/licenses/Afmparse.html"
"Affero General Public License v1.0","AGPL-1.0","","Y","https://spdx.org/licenses/AGPL-1.0.html"
"Affero General Public License v1.0 only","AGPL-1.0-only","","","https://spdx.org/licenses/AGPL-1.0-only.html"
"Affero General Public License v1.0 or later","AGPL-1.0-or-later","","","https://spdx.org/licenses/AGPL-1.0-or-later.html"
"GNU Affero General Public License v3.0","AGPL-3.0","Y","Y","https://spdx.org/licenses/AGPL-3.0.html"
"GNU Affero General Public License v3.0 only","AGPL-3.0-only","Y","Y","https://spdx.org/licenses/AGPL-3.0-only.html"
"GNU Affero General Public License v3.0 or later","AGPL-3.0-or-later","Y","Y","https://spdx.org/licenses/AGPL-3.0-or-later.html"
"Aladdin Free Public License","Aladdin","","","https://spdx.org/licenses/Aladdin.html"
"ALGLIB Documentation License","ALGLIB-Documentation","Y","","https://spdx.org/licenses/ALGLIB-Documentation.html"
"AMD newlib License","AMD-newlib","","","https://spdx.org/licenses/AMD-newlib.html"
"AMD's plpa_map.c License","AMDPLPA","","","https://spdx.org/licenses/AMDPLPA.html"
"Apple MIT License","AML","","","https://spdx.org/licenses/AML.html"
"AML glslang variant License","AML-glslang","","","https://spdx.org/licenses/AML-glslang.html"
"Academy of Motion Picture Arts and Sciences BSD","AMPAS","","","https://spdx.org/licenses/AMPAS.html"
"ANTLR Software Rights Notice","ANTLR-PD","","","https://spdx.org/licenses/ANTLR-PD.html"
"ANTLR Software Rights Notice with license fallback","ANTLR-PD-fallback","","","https://spdx.org/licenses/ANTLR-PD-fallback.html"
"Any OSI License","any-OSI","","","https://spdx.org/licenses/any-OSI.html"
"Any OSI License - Perl Modules","any-OSI-perl-modules","","","https://spdx.org/licenses/any-OSI-perl-modules.html"
"Apache License 1.0","Apache-1.0","","Y","https://spdx.org/licenses/Apache-1.0.html"
"Apache License 1.1","Apache-1.1","Y","Y","https://spdx.org/licenses/Apache-1.1.html"
"Apache License 2.0","Apache-2.0","Y","Y","https://spdx.org/licenses/Apache-2.0.html"
"Adobe Postscript AFM License","APAFML","","","https://spdx.org/licenses/APAFML.html"
"Adaptive Public License 1.0","APL-1.0","Y","","https://spdx.org/licenses/APL-1.0.html"
"App::s2p License","App-s2p","","","https://spdx.org/licenses/App-s2p.html"
"Apple Public Source License 1.0","APSL-1.0","Y","","https://spdx.org/licenses/APSL-1.0.html"
"Apple Public Source License 1.1","APSL-1.1","Y","","https://spdx.org/licenses/APSL-1.1.html"
"Apple Public Source License 1.2","APSL-1.2","Y","","https://spdx.org/licenses/APSL-1.2.html"
"Apple Public Source License 2.0","APSL-2.0","Y","Y","https://spdx.org/licenses/APSL-2.0.html"
"Arphic Public License","Arphic-1999","","","https://spdx.org/licenses/Arphic-1999.html"
"Artistic License 1.0","Artistic-1.0","Y","","https://spdx.org/licenses/Artistic-1.0.html"
"Artistic License 1.0 w/clause 8","Artistic-1.0-cl8","Y","","https://spdx.org/licenses/Artistic-1.0-cl8.html"
"Artistic License 1.0 (Perl)","Artistic-1.0-Perl","Y","","https://spdx.org/licenses/Artistic-1.0-Perl.html"
"Artistic License 2.0","Artistic-2.0","Y","Y","https://spdx.org/licenses/Artistic-2.0.html"
"Artistic License 1.0 (dist)","Artistic-dist","","","https://spdx.org/licenses/Artistic-dist.html"
"Aspell Russian License","Aspell-RU","","","https://spdx.org/licenses/Aspell-RU.html"
"ASWF Digital Assets License version 1.0","ASWF-Digital-Assets-1.0","","","https://spdx.org/licenses/ASWF-Digital-Assets-1.0.html"
"ASWF Digital Assets License 1.1","ASWF-Digital-Assets-1.1","","","https://spdx.org/licenses/ASWF-Digital-Assets-1.1.html"
"Baekmuk License","Baekmuk","","","https://spdx.org/licenses/Baekmuk.html"
"Bahyph License","Bahyph","","","https://spdx.org/licenses/Bahyph.html"
"Barr License","Barr","","","https://spdx.org/licenses/Barr.html"
"bcrypt Solar Designer License","bcrypt-Solar-Designer","","","https://spdx.org/licenses/bcrypt-Solar-Designer.html"
"Beerware License","Beerware","","","https://spdx.org/licenses/Beerware.html"
"Bitstream Charter Font License","Bitstream-Charter","","","https://spdx.org/licenses/Bitstream-Charter.html"
"Bitstream Vera Font License","Bitstream-Vera","","","https://spdx.org/licenses/Bitstream-Vera.html"
"BitTorrent Open Source License v1.0","BitTorrent-1.0","","","https://spdx.org/licenses/BitTorrent-1.0.html"
"BitTorrent Open Source License v1.1","BitTorrent-1.1","","Y","https://spdx.org/licenses/BitTorrent-1.1.html"
"SQLite Blessing","blessing","","","https://spdx.org/licenses/blessing.html"
"Blue Oak Model License 1.0.0","BlueOak-1.0.0","Y","","https://spdx.org/licenses/BlueOak-1.0.0.html"
"Boehm-Demers-Weiser GC License","Boehm-GC","","","https://spdx.org/licenses/Boehm-GC.html"
"Boehm-Demers-Weiser GC License (without fee)","Boehm-GC-without-fee","","","https://spdx.org/licenses/Boehm-GC-without-fee.html"
"Buena Onda License Agreement v1.1","BOLA-1.1","","","https://spdx.org/licenses/BOLA-1.1.html"
"Borceux license","Borceux","","","https://spdx.org/licenses/Borceux.html"
"Brian Gladman 2-Clause License","Brian-Gladman-2-Clause","","","https://spdx.org/licenses/Brian-Gladman-2-Clause.html"
"Brian Gladman 3-Clause License","Brian-Gladman-3-Clause","","","https://spdx.org/licenses/Brian-Gladman-3-Clause.html"
"BSD 1-Clause License","BSD-1-Clause","Y","","https://spdx.org/licenses/BSD-1-Clause.html"
"BSD 2-Clause ""Simplified"" License","BSD-2-Clause","Y","Y","https://spdx.org/licenses/BSD-2-Clause.html"
"BSD 2-Clause - Ian Darwin variant","BSD-2-Clause-Darwin","","","https://spdx.org/licenses/BSD-2-Clause-Darwin.html"
"BSD 2-Clause - first lines requirement","BSD-2-Clause-first-lines","","","https://spdx.org/licenses/BSD-2-Clause-first-lines.html"
"BSD 2-Clause FreeBSD License","BSD-2-Clause-FreeBSD","","Y","https://spdx.org/licenses/BSD-2-Clause-FreeBSD.html"
"BSD 2-Clause NetBSD License","BSD-2-Clause-NetBSD","","Y","https://spdx.org/licenses/BSD-2-Clause-NetBSD.html"
"BSD-2-Clause Plus Patent License","BSD-2-Clause-Patent","Y","","https://spdx.org/licenses/BSD-2-Clause-Patent.html"
"BSD 2-Clause pkgconf disclaimer variant","BSD-2-Clause-pkgconf-disclaimer","","","https://spdx.org/licenses/BSD-2-Clause-pkgconf-disclaimer.html"
"BSD 2-Clause with views sentence","BSD-2-Clause-Views","","","https://spdx.org/licenses/BSD-2-Clause-Views.html"
"BSD 3-Clause ""New"" or ""Revised"" License","BSD-3-Clause","Y","Y","https://spdx.org/licenses/BSD-3-Clause.html"
"BSD 3-Clause acpica variant","BSD-3-Clause-acpica","","","https://spdx.org/licenses/BSD-3-Clause-acpica.html"
"BSD with attribution","BSD-3-Clause-Attribution","","","https://spdx.org/licenses/BSD-3-Clause-Attribution.html"
"BSD 3-Clause Clear License","BSD-3-Clause-Clear","","Y","https://spdx.org/licenses/BSD-3-Clause-Clear.html"
"BSD 3-Clause Flex variant","BSD-3-Clause-flex","","","https://spdx.org/licenses/BSD-3-Clause-flex.html"
"Hewlett-Packard BSD variant license","BSD-3-Clause-HP","","","https://spdx.org/licenses/BSD-3-Clause-HP.html"
"Lawrence Berkeley National Labs BSD variant license","BSD-3-Clause-LBNL","Y","","https://spdx.org/licenses/BSD-3-Clause-LBNL.html"
"BSD 3-Clause Modification","BSD-3-Clause-Modification","","","https://spdx.org/licenses/BSD-3-Clause-Modification.html"
"BSD 3-Clause No Military License","BSD-3-Clause-No-Military-License","","","https://spdx.org/licenses/BSD-3-Clause-No-Military-License.html"
"BSD 3-Clause No Nuclear License","BSD-3-Clause-No-Nuclear-License","","","https://spdx.org/licenses/BSD-3-Clause-No-Nuclear-License.html"
"BSD 3-Clause No Nuclear License 2014","BSD-3-Clause-No-Nuclear-License-2014","","","https://spdx.org/licenses/BSD-3-Clause-No-Nuclear-License-2014.html"
"BSD 3-Clause No Nuclear Warranty","BSD-3-Clause-No-Nuclear-Warranty","","","https://spdx.org/licenses/BSD-3-Clause-No-Nuclear-Warranty.html"
"BSD 3-Clause Open MPI variant","BSD-3-Clause-Open-MPI","Y","","https://spdx.org/licenses/BSD-3-Clause-Open-MPI.html"
"BSD 3-Clause Sun Microsystems","BSD-3-Clause-Sun","","","https://spdx.org/licenses/BSD-3-Clause-Sun.html"
"BSD 3-Clause Tso variant","BSD-3-Clause-Tso","","","https://spdx.org/licenses/BSD-3-Clause-Tso.html"
"BSD 4-Clause ""Original"" or ""Old"" License","BSD-4-Clause","","Y","https://spdx.org/licenses/BSD-4-Clause.html"
"BSD 4 Clause Shortened","BSD-4-Clause-Shortened","","","https://spdx.org/licenses/BSD-4-Clause-Shortened.html"
"BSD-4-Clause (University of California-Specific)","BSD-4-Clause-UC","","","https://spdx.org/licenses/BSD-4-Clause-UC.html"
"BSD 4.3 RENO License","BSD-4.3RENO","","","https://spdx.org/licenses/BSD-4.3RENO.html"
"BSD 4.3 TAHOE License","BSD-4.3TAHOE","","","https://spdx.org/licenses/BSD-4.3TAHOE.html"
"BSD Advertising Acknowledgement License","BSD-Advertising-Acknowledgement","","","https://spdx.org/licenses/BSD-Advertising-Acknowledgement.html"
"BSD with Attribution and HPND disclaimer","BSD-Attribution-HPND-disclaimer","","","https://spdx.org/licenses/BSD-Attribution-HPND-disclaimer.html"
"BSD-Inferno-Nettverk","BSD-Inferno-Nettverk","","","https://spdx.org/licenses/BSD-Inferno-Nettverk.html"
"BSD Mark Modifications License","BSD-Mark-Modifications","","","https://spdx.org/licenses/BSD-Mark-Modifications.html"
"BSD Protection License","BSD-Protection","","","https://spdx.org/licenses/BSD-Protection.html"
"BSD Source Code Attribution - beginning of file variant","BSD-Source-beginning-file","","","https://spdx.org/licenses/BSD-Source-beginning-file.html"
"BSD Source Code Attribution","BSD-Source-Code","","","https://spdx.org/licenses/BSD-Source-Code.html"
"Systemics BSD variant license","BSD-Systemics","","","https://spdx.org/licenses/BSD-Systemics.html"
"Systemics W3Works BSD variant license","BSD-Systemics-W3Works","","","https://spdx.org/licenses/BSD-Systemics-W3Works.html"
"Boost Software License 1.0","BSL-1.0","Y","Y","https://spdx.org/licenses/BSL-1.0.html"
"Buddy License","Buddy","","","https://spdx.org/licenses/Buddy.html"
"Business Source License 1.1","BUSL-1.1","","","https://spdx.org/licenses/BUSL-1.1.html"
"bzip2 and libbzip2 License v1.0.5","bzip2-1.0.5","","","https://spdx.org/licenses/bzip2-1.0.5.html"
"bzip2 and libbzip2 License v1.0.6","bzip2-1.0.6","","","https://spdx.org/licenses/bzip2-1.0.6.html"
"Computational Use of Data Agreement v1.0","C-UDA-1.0","","","https://spdx.org/licenses/C-UDA-1.0.html"
"Cryptographic Autonomy License 1.0","CAL-1.0","Y","","https://spdx.org/licenses/CAL-1.0.html"
"Cryptographic Autonomy License 1.0 (Combined Work Exception)","CAL-1.0-Combined-Work-Exception","Y","","https://spdx.org/licenses/CAL-1.0-Combined-Work-Exception.html"
"Caldera License","Caldera","","","https://spdx.org/licenses/Caldera.html"
"Caldera License (without preamble)","Caldera-no-preamble","","","https://spdx.org/licenses/Caldera-no-preamble.html"
"Common Attack    Pattern Enumeration and Classification License","CAPEC-tou","","","https://spdx.org/licenses/CAPEC-tou.html"
"Catharon License","Catharon","","","https://spdx.org/licenses/Catharon.html"
"Computer Associates Trusted Open Source License 1.1","CATOSL-1.1","Y","","https://spdx.org/licenses/CATOSL-1.1.html"
"Creative Commons Attribution 1.0 Generic","CC-BY-1.0","","","https://spdx.org/licenses/CC-BY-1.0.html"
"Creative Commons Attribution 2.0 Generic","CC-BY-2.0","","","https://spdx.org/licenses/CC-BY-2.0.html"
"Creative Commons Attribution 2.5 Generic","CC-BY-2.5","","","https://spdx.org/licenses/CC-BY-2.5.html"
"Creative Commons Attribution 2.5 Australia","CC-BY-2.5-AU","","","https://spdx.org/licenses/CC-BY-2.5-AU.html"
"Creative Commons Attribution 3.0 Unported","CC-BY-3.0","","","https://spdx.org/licenses/CC-BY-3.0.html"
"Creative Commons Attribution 3.0 Austria","CC-BY-3.0-AT","","","https://spdx.org/licenses/CC-BY-3.0-AT.html"
"Creative Commons Attribution 3.0 Australia","CC-BY-3.0-AU","","","https://spdx.org/licenses/CC-BY-3.0-AU.html"
"Creative Commons Attribution 3.0 Germany","CC-BY-3.0-DE","","","https://spdx.org/licenses/CC-BY-3.0-DE.html"
"Creative Commons Attribution 3.0 IGO","CC-BY-3.0-IGO","","","https://spdx.org/licenses/CC-BY-3.0-IGO.html"
"Creative Commons Attribution 3.0 Netherlands","CC-BY-3.0-NL","","","https://spdx.org/licenses/CC-BY-3.0-NL.html"
"Creative Commons Attribution 3.0 United States","CC-BY-3.0-US","","","https://spdx.org/licenses/CC-BY-3.0-US.html"
"Creative Commons Attribution 4.0 International","CC-BY-4.0","","Y","https://spdx.org/licenses/CC-BY-4.0.html"
"Creative Commons Attribution Non Commercial 1.0 Generic","CC-BY-NC-1.0","","","https://spdx.org/licenses/CC-BY-NC-1.0.html"
"Creative Commons Attribution Non Commercial 2.0 Generic","CC-BY-NC-2.0","","","https://spdx.org/licenses/CC-BY-NC-2.0.html"
"Creative Commons Attribution Non Commercial 2.5 Generic","CC-BY-NC-2.5","","","https://spdx.org/licenses/CC-BY-NC-2.5.html"
"Creative Commons Attribution Non Commercial 3.0 Unported","CC-BY-NC-3.0","","","https://spdx.org/licenses/CC-BY-NC-3.0.html"
"Creative Commons Attribution Non Commercial 3.0 Germany","CC-BY-NC-3.0-DE","","","https://spdx.org/licenses/CC-BY-NC-3.0-DE.html"
"Creative Commons Attribution Non Commercial 4.0 International","CC-BY-NC-4.0","","","https://spdx.org/licenses/CC-BY-NC-4.0.html"
"Creative Commons Attribution Non Commercial No Derivatives 1.0 Generic","CC-BY-NC-ND-1.0","","","https://spdx.org/licenses/CC-BY-NC-ND-1.0.html"
"Creative Commons Attribution Non Commercial No Derivatives 2.0 Generic","CC-BY-NC-ND-2.0","","","https://spdx.org/licenses/CC-BY-NC-ND-2.0.html"
"Creative Commons Attribution Non Commercial No Derivatives 2.5 Generic","CC-BY-NC-ND-2.5","","","https://spdx.org/licenses/CC-BY-NC-ND-2.5.html"
"Creative Commons Attribution Non Commercial No Derivatives 3.0 Unported","CC-BY-NC-ND-3.0","","","https://spdx.org/licenses/CC-BY-NC-ND-3.0.html"
"Creative Commons Attribution Non Commercial No Derivatives 3.0 Germany","CC-BY-NC-ND-3.0-DE","","","https://spdx.org/licenses/CC-BY-NC-ND-3.0-DE.html"
"Creative Commons Attribution Non Commercial No Derivatives 3.0 IGO","CC-BY-NC-ND-3.0-IGO","","","https://spdx.org/licenses/CC-BY-NC-ND-3.0-IGO.html"
"Creative Commons Attribution Non Commercial No Derivatives 4.0 International","CC-BY-NC-ND-4.0","","","https://spdx.org/licenses/CC-BY-NC-ND-4.0.html"
"Creative Commons Attribution Non Commercial Share Alike 1.0 Generic","CC-BY-NC-SA-1.0","","","https://spdx.org/licenses/CC-BY-NC-SA-1.0.html"
"Creative Commons Attribution Non Commercial Share Alike 2.0 Generic","CC-BY-NC-SA-2.0","","","https://spdx.org/licenses/CC-BY-NC-SA-2.0.html"
"Creative Commons Attribution Non Commercial Share Alike 2.0 Germany","CC-BY-NC-SA-2.0-DE","","","https://spdx.org/licenses/CC-BY-NC-SA-2.0-DE.html"
"Creative Commons Attribution-NonCommercial-ShareAlike 2.0 France","CC-BY-NC-SA-2.0-FR","","","https://spdx.org/licenses/CC-BY-NC-SA-2.0-FR.html"
"Creative Commons Attribution Non Commercial Share Alike 2.0 England and Wales","CC-BY-NC-SA-2.0-UK","","","https://spdx.org/licenses/CC-BY-NC-SA-2.0-UK.html"
"Creative Commons Attribution Non Commercial Share Alike 2.5 Generic","CC-BY-NC-SA-2.5","","","https://spdx.org/licenses/CC-BY-NC-SA-2.5.html"
"Creative Commons Attribution Non Commercial Share Alike 3.0 Unported","CC-BY-NC-SA-3.0","","","https://spdx.org/licenses/CC-BY-NC-SA-3.0.html"
"Creative Commons Attribution Non Commercial Share Alike 3.0 Germany","CC-BY-NC-SA-3.0-DE","","","https://spdx.org/licenses/CC-BY-NC-SA-3.0-DE.html"
"Creative Commons Attribution Non Commercial Share Alike 3.0 IGO","CC-BY-NC-SA-3.0-IGO","","","https://spdx.org/licenses/CC-BY-NC-SA-3.0-IGO.html"
"Creative Commons Attribution Non Commercial Share Alike 4.0 International","CC-BY-NC-SA-4.0","","","https://spdx.org/licenses/CC-BY-NC-SA-4.0.html"
"Creative Commons Attribution No Derivatives 1.0 Generic","CC-BY-ND-1.0","","","https://spdx.org/licenses/CC-BY-ND-1.0.html"
"Creative Commons Attribution No Derivatives 2.0 Generic","CC-BY-ND-2.0","","","https://spdx.org/licenses/CC-BY-ND-2.0.html"
"Creative Commons Attribution No Derivatives 2.5 Generic","CC-BY-ND-2.5","","","https://spdx.org/licenses/CC-BY-ND-2.5.html"
"Creative Commons Attribution No Derivatives 3.0 Unported","CC-BY-ND-3.0","","","https://spdx.org/licenses/CC-BY-ND-3.0.html"
"Creative Commons Attribution No Derivatives 3.0 Germany","CC-BY-ND-3.0-DE","","","https://spdx.org/licenses/CC-BY-ND-3.0-DE.html"
"Creative Commons Attribution No Derivatives 4.0 International","CC-BY-ND-4.0","","","https://spdx.org/licenses/CC-BY-ND-4.0.html"
"Creative Commons Attribution Share Alike 1.0 Generic","CC-BY-SA-1.0","","","https://spdx.org/licenses/CC-BY-SA-1.0.html"
"Creative Commons Attribution Share Alike 2.0 Generic","CC-BY-SA-2.0","","","https://spdx.org/licenses/CC-BY-SA-2.0.html"
"Creative Commons Attribution Share Alike 2.0 England and Wales","CC-BY-SA-2.0-UK","","","https://spdx.org/licenses/CC-BY-SA-2.0-UK.html"
"Creative Commons Attribution Share Alike 2.1 Japan","CC-BY-SA-2.1-JP","","","https://spdx.org/licenses/CC-BY-SA-2.1-JP.html"
"Creative Commons Attribution Share Alike 2.5 Generic","CC-BY-SA-2.5","","","https://spdx.org/licenses/CC-BY-SA-2.5.html"
"Creative Commons Attribution Share Alike 3.0 Unported","CC-BY-SA-3.0","","","https://spdx.org/licenses/CC-BY-SA-3.0.html"
"Creative Commons Attribution Share Alike 3.0 Austria","CC-BY-SA-3.0-AT","","","https://spdx.org/licenses/CC-BY-SA-3.0-AT.html"
"Creative Commons Attribution Share Alike 3.0 Germany","CC-BY-SA-3.0-DE","","","https://spdx.org/licenses/CC-BY-SA-3.0-DE.html"
"Creative Commons Attribution-ShareAlike 3.0 IGO","CC-BY-SA-3.0-IGO","","","https://spdx.org/licenses/CC-BY-SA-3.0-IGO.html"
"Creative Commons Attribution Share Alike 4.0 International","CC-BY-SA-4.0","","Y","https://spdx.org/licenses/CC-BY-SA-4.0.html"
"Creative Commons Public Domain Dedication and Certification","CC-PDDC","","","https://spdx.org/licenses/CC-PDDC.html"
"Creative    Commons Public Domain Mark 1.0 Universal","CC-PDM-1.0","","","https://spdx.org/licenses/CC-PDM-1.0.html"
"Creative Commons Share Alike 1.0 Generic","CC-SA-1.0","","","https://spdx.org/licenses/CC-SA-1.0.html"
"Creative Commons Zero v1.0 Universal","CC0-1.0","","Y","https://spdx.org/licenses/CC0-1.0.html"
"Common Development and Distribution License 1.0","CDDL-1.0","Y","Y","https://spdx.org/licenses/CDDL-1.0.html"
"Common Development and Distribution License 1.1","CDDL-1.1","","","https://spdx.org/licenses/CDDL-1.1.html"
"Common Documentation License 1.0","CDL-1.0","","","https://spdx.org/licenses/CDL-1.0.html"
"Community Data License Agreement Permissive 1.0","CDLA-Permissive-1.0","","","https://spdx.org/licenses/CDLA-Permissive-1.0.html"
"Community Data License Agreement Permissive 2.0","CDLA-Permissive-2.0","","","https://spdx.org/licenses/CDLA-Permissive-2.0.html"
"Community Data License Agreement Sharing 1.0","CDLA-Sharing-1.0","","","https://spdx.org/licenses/CDLA-Sharing-1.0.html"
"CeCILL Free Software License Agreement v1.0","CECILL-1.0","","","https://spdx.org/licenses/CECILL-1.0.html"
"CeCILL Free Software License Agreement v1.1","CECILL-1.1","","","https://spdx.org/licenses/CECILL-1.1.html"
"CeCILL Free Software License Agreement v2.0","CECILL-2.0","","Y","https://spdx.org/licenses/CECILL-2.0.html"
"CeCILL Free Software License Agreement v2.1","CECILL-2.1","Y","","https://spdx.org/licenses/CECILL-2.1.html"
"CeCILL-B Free Software License Agreement","CECILL-B","","Y","https://spdx.org/licenses/CECILL-B.html"
"CeCILL-C Free Software License Agreement","CECILL-C","","Y","https://spdx.org/licenses/CECILL-C.html"
"CERN Open Hardware Licence v1.1","CERN-OHL-1.1","","","https://spdx.org/licenses/CERN-OHL-1.1.html"
"CERN Open Hardware Licence v1.2","CERN-OHL-1.2","","","https://spdx.org/licenses/CERN-OHL-1.2.html"
"CERN Open Hardware Licence Version 2 - Permissive","CERN-OHL-P-2.0","Y","","https://spdx.org/licenses/CERN-OHL-P-2.0.html"
"CERN Open Hardware Licence Version 2 - Strongly Reciprocal","CERN-OHL-S-2.0","Y","","https://spdx.org/licenses/CERN-OHL-S-2.0.html"
"CERN Open Hardware Licence Version 2 - Weakly Reciprocal","CERN-OHL-W-2.0","Y","","https://spdx.org/licenses/CERN-OHL-W-2.0.html"
"CFITSIO License","CFITSIO","","","https://spdx.org/licenses/CFITSIO.html"
"check-cvs License","check-cvs","","","https://spdx.org/licenses/check-cvs.html"
"Checkmk License","checkmk","","","https://spdx.org/licenses/checkmk.html"
"Clarified Artistic License","ClArtistic","","Y","https://spdx.org/licenses/ClArtistic.html"
"Clips License","Clips","","","https://spdx.org/licenses/Clips.html"
"CMU Mach License","CMU-Mach","","","https://spdx.org/licenses/CMU-Mach.html"
"CMU    Mach - no notices-in-documentation variant","CMU-Mach-nodoc","","","https://spdx.org/licenses/CMU-Mach-nodoc.html"
"CNRI Jython License","CNRI-Jython","","","https://spdx.org/licenses/CNRI-Jython.html"
"CNRI Python License","CNRI-Python","Y","","https://spdx.org/licenses/CNRI-Python.html"
"CNRI Python Open Source GPL Compatible License Agreement","CNRI-Python-GPL-Compatible","","","https://spdx.org/licenses/CNRI-Python-GPL-Compatible.html"
"Copyfree Open Innovation License","COIL-1.0","","","https://spdx.org/licenses/COIL-1.0.html"
"Community Specification License 1.0","Community-Spec-1.0","","","https://spdx.org/licenses/Community-Spec-1.0.html"
"Condor Public License v1.1","Condor-1.1","","Y","https://spdx.org/licenses/Condor-1.1.html"
"copyleft-next 0.3.0","copyleft-next-0.3.0","","","https://spdx.org/licenses/copyleft-next-0.3.0.html"
"copyleft-next 0.3.1","copyleft-next-0.3.1","","","https://spdx.org/licenses/copyleft-next-0.3.1.html"
"Cornell Lossless JPEG License","Cornell-Lossless-JPEG","","","https://spdx.org/licenses/Cornell-Lossless-JPEG.html"
"Common Public Attribution License 1.0","CPAL-1.0","Y","Y","https://spdx.org/licenses/CPAL-1.0.html"
"Common Public License 1.0","CPL-1.0","Y","Y","https://spdx.org/licenses/CPL-1.0.html"
"Code Project Open License 1.02","CPOL-1.02","","","https://spdx.org/licenses/CPOL-1.02.html"
"Cronyx License","Cronyx","","","https://spdx.org/licenses/Cronyx.html"
"Crossword License","Crossword","","","https://spdx.org/licenses/Crossword.html"
"CryptoSwift License","CryptoSwift","","","https://spdx.org/licenses/CryptoSwift.html"
"CrystalStacker License","CrystalStacker","","","https://spdx.org/licenses/CrystalStacker.html"
"CUA Office Public License v1.0","CUA-OPL-1.0","Y","","https://spdx.org/licenses/CUA-OPL-1.0.html"
"Cube License","Cube","","","https://spdx.org/licenses/Cube.html"
"curl License","curl","","","https://spdx.org/licenses/curl.html"
"Common Vulnerability Enumeration ToU License","cve-tou","","","https://spdx.org/licenses/cve-tou.html"
"Deutsche Freie Software Lizenz","D-FSL-1.0","","","https://spdx.org/licenses/D-FSL-1.0.html"
"DEC 3-Clause License","DEC-3-Clause","","","https://spdx.org/licenses/DEC-3-Clause.html"
"diffmark license","diffmark","","","https://spdx.org/licenses/diffmark.html"
"Data licence Germany – attribution – version 2.0","DL-DE-BY-2.0","","","https://spdx.org/licenses/DL-DE-BY-2.0.html"
"Data licence Germany – zero – version 2.0","DL-DE-ZERO-2.0","","","https://spdx.org/licenses/DL-DE-ZERO-2.0.html"
"DOC License","DOC","","","https://spdx.org/licenses/DOC.html"
"DocBook DTD License","DocBook-DTD","","","https://spdx.org/licenses/DocBook-DTD.html"
"DocBook Schema License","DocBook-Schema","","","https://spdx.org/licenses/DocBook-Schema.html"
"DocBook Stylesheet License","DocBook-Stylesheet","","","https://spdx.org/licenses/DocBook-Stylesheet.html"
"DocBook XML License","DocBook-XML","","","https://spdx.org/licenses/DocBook-XML.html"
"Dotseqn License","Dotseqn","","","https://spdx.org/licenses/Dotseqn.html"
"Detection Rule License 1.0","DRL-1.0","","","https://spdx.org/licenses/DRL-1.0.html"
"Detection Rule License 1.1","DRL-1.1","","","https://spdx.org/licenses/DRL-1.1.html"
"DSDP License","DSDP","","","https://spdx.org/licenses/DSDP.html"
"David M. Gay dtoa License","dtoa","","","https://spdx.org/licenses/dtoa.html"
"dvipdfm License","dvipdfm","","","https://spdx.org/licenses/dvipdfm.html"
"Educational Community License v1.0","ECL-1.0","Y","","https://spdx.org/licenses/ECL-1.0.html"
"Educational Community License v2.0","ECL-2.0","Y","Y","https://spdx.org/licenses/ECL-2.0.html"
"eCos license version 2.0","eCos-2.0","","Y","https://spdx.org/licenses/eCos-2.0.html"
"Eiffel Forum License v1.0","EFL-1.0","Y","","https://spdx.org/licenses/EFL-1.0.html"
"Eiffel Forum License v2.0","EFL-2.0","Y","Y","https://spdx.org/licenses/EFL-2.0.html"
"eGenix.com Public License 1.1.0","eGenix","","","https://spdx.org/licenses/eGenix.html"
"Elastic License 2.0","Elastic-2.0","","","https://spdx.org/licenses/Elastic-2.0.html"
"Entessa Public License v1.0","Entessa","Y","","https://spdx.org/licenses/Entessa.html"
"EPICS Open License","EPICS","","","https://spdx.org/licenses/EPICS.html"
"Eclipse Public License 1.0","EPL-1.0","Y","Y","https://spdx.org/licenses/EPL-1.0.html"
"Eclipse Public License 2.0","EPL-2.0","Y","Y","https://spdx.org/licenses/EPL-2.0.html"
"Erlang Public License v1.1","ErlPL-1.1","","","https://spdx.org/licenses/ErlPL-1.1.html"
"European Space Agency Public License – v2.4 – Permissive (Type 3)","ESA-PL-permissive-2.4","","","https://spdx.org/licenses/ESA-PL-permissive-2.4.html"
"European Space Agency Public License (ESA-PL) - V2.4 - Strong Copyleft (Type 1)","ESA-PL-strong-copyleft-2.4","","","https://spdx.org/licenses/ESA-PL-strong-copyleft-2.4.html"
"European Space Agency Public License – v2.4 – Weak Copyleft (Type 2)","ESA-PL-weak-copyleft-2.4","","","https://spdx.org/licenses/ESA-PL-weak-copyleft-2.4.html"
"Etalab Open License 2.0","etalab-2.0","","","https://spdx.org/licenses/etalab-2.0.html"
"EU DataGrid Software License","EUDatagrid","Y","Y","https://spdx.org/licenses/EUDatagrid.html"
"European Union Public License 1.0","EUPL-1.0","","","https://spdx.org/licenses/EUPL-1.0.html"
"European Union Public License 1.1","EUPL-1.1","Y","Y","https://spdx.org/licenses/EUPL-1.1.html"
"European Union Public License 1.2","EUPL-1.2","Y","Y","https://spdx.org/licenses/EUPL-1.2.html"
"Eurosym License","Eurosym","","","https://spdx.org/licenses/Eurosym.html"
"Fair License","Fair","Y","","https://spdx.org/licenses/Fair.html"
"Fuzzy Bitmap License","FBM","","","https://spdx.org/licenses/FBM.html"
"Fraunhofer FDK AAC Codec Library","FDK-AAC","","","https://spdx.org/licenses/FDK-AAC.html"
"Ferguson Twofish License","Ferguson-Twofish","","","https://spdx.org/licenses/Ferguson-Twofish.html"
"Frameworx Open License 1.0","Frameworx-1.0","Y","","https://spdx.org/licenses/Frameworx-1.0.html"
"FreeBSD Documentation License","FreeBSD-DOC","","","https://spdx.org/licenses/FreeBSD-DOC.html"
"FreeImage Public License v1.0","FreeImage","","","https://spdx.org/licenses/FreeImage.html"
"FSF All Permissive License","FSFAP","","Y","https://spdx.org/licenses/FSFAP.html"
"FSF All Permissive License (without Warranty)","FSFAP-no-warranty-disclaimer","","","https://spdx.org/licenses/FSFAP-no-warranty-disclaimer.html"
"FSF Unlimited License","FSFUL","","","https://spdx.org/licenses/FSFUL.html"
"FSF Unlimited License (with License Retention)","FSFULLR","","","https://spdx.org/licenses/FSFULLR.html"
"FSF Unlimited License (with License Retention and Short Disclaimer)","FSFULLRSD","","","https://spdx.org/licenses/FSFULLRSD.html"
"FSF Unlimited License (With License Retention and Warranty Disclaimer)","FSFULLRWD","","","https://spdx.org/licenses/FSFULLRWD.html"
"Functional Source License, Version 1.1, ALv2 Future License","FSL-1.1-ALv2","","","https://spdx.org/licenses/FSL-1.1-ALv2.html"
"Functional Source License, Version 1.1, MIT Future License","FSL-1.1-MIT","","","https://spdx.org/licenses/FSL-1.1-MIT.html"
"Freetype Project License","FTL","","Y","https://spdx.org/licenses/FTL.html"
"Furuseth License","Furuseth","","","https://spdx.org/licenses/Furuseth.html"
"fwlw License","fwlw","","","https://spdx.org/licenses/fwlw.html"
"Game Programming Gems License","Game-Programming-Gems","","","https://spdx.org/licenses/Game-Programming-Gems.html"
"Gnome GCR Documentation License","GCR-docs","","","https://spdx.org/licenses/GCR-docs.html"
"GD License","GD","","","https://spdx.org/licenses/GD.html"
"Generic XTS License","generic-xts","","","https://spdx.org/licenses/generic-xts.html"
"GNU Free Documentation License v1.1","GFDL-1.1","","Y","https://spdx.org/licenses/GFDL-1.1.html"
"GNU Free Documentation License v1.1 only - invariants","GFDL-1.1-invariants-only","","","https://spdx.org/licenses/GFDL-1.1-invariants-only.html"
"GNU Free Documentation License v1.1 or later - invariants","GFDL-1.1-invariants-or-later","","","https://spdx.org/licenses/GFDL-1.1-invariants-or-later.html"
"GNU Free Documentation License v1.1 only - no invariants","GFDL-1.1-no-invariants-only","","","https://spdx.org/licenses/GFDL-1.1-no-invariants-only.html"
"GNU Free Documentation License v1.1 or later - no invariants","GFDL-1.1-no-invariants-or-later","","","https://spdx.org/licenses/GFDL-1.1-no-invariants-or-later.html"
"GNU Free Documentation License v1.1 only","GFDL-1.1-only","","Y","https://spdx.org/licenses/GFDL-1.1-only.html"
"GNU Free Documentation License v1.1 or later","GFDL-1.1-or-later","","Y","https://spdx.org/licenses/GFDL-1.1-or-later.html"
"GNU Free Documentation License v1.2","GFDL-1.2","","Y","https://spdx.org/licenses/GFDL-1.2.html"
"GNU Free Documentation License v1.2 only - invariants","GFDL-1.2-invariants-only","","","https://spdx.org/licenses/GFDL-1.2-invariants-only.html"
"GNU Free Documentation License v1.2 or later - invariants","GFDL-1.2-invariants-or-later","","","https://spdx.org/licenses/GFDL-1.2-invariants-or-later.html"
"GNU Free Documentation License v1.2 only - no invariants","GFDL-1.2-no-invariants-only","","","https://spdx.org/licenses/GFDL-1.2-no-invariants-only.html"
"GNU Free Documentation License v1.2 or later - no invariants","GFDL-1.2-no-invariants-or-later","","","https://spdx.org/licenses/GFDL-1.2-no-invariants-or-later.html"
"GNU Free Documentation License v1.2 only","GFDL-1.2-only","","Y","https://spdx.org/licenses/GFDL-1.2-only.html"
"GNU Free Documentation License v1.2 or later","GFDL-1.2-or-later","","Y","https://spdx.org/licenses/GFDL-1.2-or-later.html"
"GNU Free Documentation License v1.3","GFDL-1.3","","Y","https://spdx.org/licenses/GFDL-1.3.html"
"GNU Free Documentation License v1.3 only - invariants","GFDL-1.3-invariants-only","","","https://spdx.org/licenses/GFDL-1.3-invariants-only.html"
"GNU Free Documentation License v1.3 or later - invariants","GFDL-1.3-invariants-or-later","","","https://spdx.org/licenses/GFDL-1.3-invariants-or-later.html"
"GNU Free Documentation License v1.3 only - no invariants","GFDL-1.3-no-invariants-only","","","https://spdx.org/licenses/GFDL-1.3-no-invariants-only.html"
"GNU Free Documentation License v1.3 or later - no invariants","GFDL-1.3-no-invariants-or-later","","","https://spdx.org/licenses/GFDL-1.3-no-invariants-or-later.html"
"GNU Free Documentation License v1.3 only","GFDL-1.3-only","","Y","https://spdx.org/licenses/GFDL-1.3-only.html"
"GNU Free Documentation License v1.3 or later","GFDL-1.3-or-later","","Y","https://spdx.org/licenses/GFDL-1.3-or-later.html"
"Giftware License","Giftware","","","https://spdx.org/licenses/Giftware.html"
"GL2PS License","GL2PS","","","https://spdx.org/licenses/GL2PS.html"
"3dfx Glide License","Glide","","","https://spdx.org/licenses/Glide.html"
"Glulxe License","Glulxe","","","https://spdx.org/licenses/Glulxe.html"
"Good Luck With That Public License","GLWTPL","","","https://spdx.org/licenses/GLWTPL.html"
"gnuplot License","gnuplot","","Y","https://spdx.org/licenses/gnuplot.html"
"GNU General Public License v1.0 only","GPL-1.0","","","https://spdx.org/licenses/GPL-1.0.html"
"GNU General Public License v1.0 or later","GPL-1.0+","","","https://spdx.org/licenses/GPL-1.0+.html"
"GNU General Public License v1.0 only","GPL-1.0-only","","","https://spdx.org/licenses/GPL-1.0-only.html"
"GNU General Public License v1.0 or later","GPL-1.0-or-later","","","https://spdx.org/licenses/GPL-1.0-or-later.html"
"GNU General Public License v2.0 only","GPL-2.0","Y","Y","https://spdx.org/licenses/GPL-2.0.html"
"GNU General Public License v2.0 or later","GPL-2.0+","Y","Y","https://spdx.org/licenses/GPL-2.0+.html"
"GNU General Public License v2.0 only","GPL-2.0-only","Y","Y","https://spdx.org/licenses/GPL-2.0-only.html"
"GNU General Public License v2.0 or later","GPL-2.0-or-later","Y","Y","https://spdx.org/licenses/GPL-2.0-or-later.html"
"GNU General Public License v2.0 w/Autoconf exception","GPL-2.0-with-autoconf-exception","","","https://spdx.org/licenses/GPL-2.0-with-autoconf-exception.html"
"GNU General Public License v2.0 w/Bison exception","GPL-2.0-with-bison-exception","","","https://spdx.org/licenses/GPL-2.0-with-bison-exception.html"
"GNU General Public License v2.0 w/Classpath exception","GPL-2.0-with-classpath-exception","","","https://spdx.org/licenses/GPL-2.0-with-classpath-exception.html"
"GNU General Public License v2.0 w/Font exception","GPL-2.0-with-font-exception","","","https://spdx.org/licenses/GPL-2.0-with-font-exception.html"
"GNU General Public License v2.0 w/GCC Runtime Library exception","GPL-2.0-with-GCC-exception","","","https://spdx.org/licenses/GPL-2.0-with-GCC-exception.html"
"GNU General Public License v3.0 only","GPL-3.0","Y","Y","https://spdx.org/licenses/GPL-3.0.html"
"GNU General Public License v3.0 or later","GPL-3.0+","Y","Y","https://spdx.org/licenses/GPL-3.0+.html"
"GNU General Public License v3.0 only","GPL-3.0-only","Y","Y","https://spdx.org/licenses/GPL-3.0-only.html"
"GNU General Public License v3.0 or later","GPL-3.0-or-later","Y","Y","https://spdx.org/licenses/GPL-3.0-or-later.html"
"GNU General Public License v3.0 w/Autoconf exception","GPL-3.0-with-autoconf-exception","","","https://spdx.org/licenses/GPL-3.0-with-autoconf-exception.html"
"GNU General Public License v3.0 w/GCC Runtime Library exception","GPL-3.0-with-GCC-exception","Y","","https://spdx.org/licenses/GPL-3.0-with-GCC-exception.html"
"Graphics Gems License","Graphics-Gems","","","https://spdx.org/licenses/Graphics-Gems.html"
"gSOAP Public License v1.3b","gSOAP-1.3b","","","https://spdx.org/licenses/gSOAP-1.3b.html"
"gtkbook License","gtkbook","","","https://spdx.org/licenses/gtkbook.html"
"Gutmann License","Gutmann","","","https://spdx.org/licenses/Gutmann.html"
"Haskell Language Report License","HaskellReport","","","https://spdx.org/licenses/HaskellReport.html"
"HDF5 License","HDF5","","","https://spdx.org/licenses/HDF5.html"
"hdparm License","hdparm","","","https://spdx.org/licenses/hdparm.html"
"HIDAPI License","HIDAPI","","","https://spdx.org/licenses/HIDAPI.html"
"Hippocratic License 2.1","Hippocratic-2.1","","","https://spdx.org/licenses/Hippocratic-2.1.html"
"Hewlett-Packard 1986 License","HP-1986","","","https://spdx.org/licenses/HP-1986.html"
"Hewlett-Packard 1989 License","HP-1989","","","https://spdx.org/licenses/HP-1989.html"
"Historical Permission Notice and Disclaimer","HPND","Y","Y","https://spdx.org/licenses/HPND.html"
"Historical Permission Notice and Disclaimer - DEC variant","HPND-DEC","","","https://spdx.org/licenses/HPND-DEC.html"
"Historical Permission Notice and Disclaimer - documentation variant","HPND-doc","","","https://spdx.org/licenses/HPND-doc.html"
"Historical Permission Notice and Disclaimer - documentation sell variant","HPND-doc-sell","","","https://spdx.org/licenses/HPND-doc-sell.html"
"HPND with US Government export control warning","HPND-export-US","","","https://spdx.org/licenses/HPND-export-US.html"
"HPND with US Government export control warning and acknowledgment","HPND-export-US-acknowledgement","","","https://spdx.org/licenses/HPND-export-US-acknowledgement.html"
"HPND with US Government export control warning and modification rqmt","HPND-export-US-modify","","","https://spdx.org/licenses/HPND-export-US-modify.html"
"HPND with US Government export control and 2 disclaimers","HPND-export2-US","","","https://spdx.org/licenses/HPND-export2-US.html"
"Historical Permission Notice and Disclaimer - Fenneberg-Livingston variant","HPND-Fenneberg-Livingston","","","https://spdx.org/licenses/HPND-Fenneberg-Livingston.html"
"Historical Permission Notice and Disclaimer    - INRIA-IMAG variant","HPND-INRIA-IMAG","","","https://spdx.org/licenses/HPND-INRIA-IMAG.html"
"Historical Permission Notice and Disclaimer - Intel variant","HPND-Intel","","","https://spdx.org/licenses/HPND-Intel.html"
"Historical Permission Notice and Disclaimer - Kevlin Henney variant","HPND-Kevlin-Henney","","","https://spdx.org/licenses/HPND-Kevlin-Henney.html"
"Historical Permission Notice and Disclaimer - Markus Kuhn variant","HPND-Markus-Kuhn","","","https://spdx.org/licenses/HPND-Markus-Kuhn.html"
"Historical Permission Notice and Disclaimer - merchantability variant","HPND-merchantability-variant","","","https://spdx.org/licenses/HPND-merchantability-variant.html"
"Historical Permission Notice and Disclaimer with MIT disclaimer","HPND-MIT-disclaimer","","","https://spdx.org/licenses/HPND-MIT-disclaimer.html"
"Historical Permission Notice and Disclaimer - Netrek variant","HPND-Netrek","","","https://spdx.org/licenses/HPND-Netrek.html"
"Historical Permission Notice and Disclaimer - Pbmplus variant","HPND-Pbmplus","","","https://spdx.org/licenses/HPND-Pbmplus.html"
"Historical Permission Notice and Disclaimer - sell xserver variant with MIT disclaimer","HPND-sell-MIT-disclaimer-xserver","","","https://spdx.org/licenses/HPND-sell-MIT-disclaimer-xserver.html"
"Historical Permission Notice and Disclaimer - sell regexpr variant","HPND-sell-regexpr","","","https://spdx.org/licenses/HPND-sell-regexpr.html"
"Historical Permission Notice and Disclaimer - sell variant","HPND-sell-variant","","","https://spdx.org/licenses/HPND-sell-variant.html"
"HPND - sell variant with safety critical systems clause","HPND-sell-variant-critical-systems","","","https://spdx.org/licenses/HPND-sell-variant-critical-systems.html"
"HPND sell variant with MIT disclaimer","HPND-sell-variant-MIT-disclaimer","","","https://spdx.org/licenses/HPND-sell-variant-MIT-disclaimer.html"
"HPND sell variant with MIT disclaimer - reverse","HPND-sell-variant-MIT-disclaimer-rev","","","https://spdx.org/licenses/HPND-sell-variant-MIT-disclaimer-rev.html"
"Historical Permission Notice and Disclaimer - SMC variant","HPND-SMC","","","https://spdx.org/licenses/HPND-SMC.html"
"Historical Permission Notice and Disclaimer - University of California variant","HPND-UC","","","https://spdx.org/licenses/HPND-UC.html"
"Historical Permission Notice and Disclaimer - University of California, US export warning","HPND-UC-export-US","","","https://spdx.org/licenses/HPND-UC-export-US.html"
"HTML Tidy License","HTMLTIDY","","","https://spdx.org/licenses/HTMLTIDY.html"
"hyphen-bulgarian License","hyphen-bulgarian","","","https://spdx.org/licenses/hyphen-bulgarian.html"
"IBM PowerPC Initialization and Boot Software","IBM-pibs","","","https://spdx.org/licenses/IBM-pibs.html"
"ICU License","ICU","Y","","https://spdx.org/licenses/ICU.html"
"IEC    Code Components End-user licence agreement","IEC-Code-Components-EULA","","","https://spdx.org/licenses/IEC-Code-Components-EULA.html"
"Independent JPEG Group License","IJG","","Y","https://spdx.org/licenses/IJG.html"
"Independent JPEG Group License - short","IJG-short","","","https://spdx.org/licenses/IJG-short.html"
"ImageMagick License","ImageMagick","","","https://spdx.org/licenses/ImageMagick.html"
"iMatix Standard Function Library Agreement","iMatix","","Y","https://spdx.org/licenses/iMatix.html"
"Imlib2 License","Imlib2","","Y","https://spdx.org/licenses/Imlib2.html"
"Info-ZIP License","Info-ZIP","","","https://spdx.org/licenses/Info-ZIP.html"
"Inner Net License v2.0","Inner-Net-2.0","","","https://spdx.org/licenses/Inner-Net-2.0.html"
"Inno Setup License","InnoSetup","","","https://spdx.org/licenses/InnoSetup.html"
"Intel Open Source License","Intel","Y","Y","https://spdx.org/licenses/Intel.html"
"Intel ACPI Software License Agreement","Intel-ACPI","","","https://spdx.org/licenses/Intel-ACPI.html"
"Interbase Public License v1.0","Interbase-1.0","","","https://spdx.org/licenses/Interbase-1.0.html"
"IPA Font License","IPA","Y","Y","https://spdx.org/licenses/IPA.html"
"IBM Public License v1.0","IPL-1.0","Y","Y","https://spdx.org/licenses/IPL-1.0.html"
"ISC License","ISC","Y","Y","https://spdx.org/licenses/ISC.html"
"ISC Veillard variant","ISC-Veillard","","","https://spdx.org/licenses/ISC-Veillard.html"
"ISO permission notice","ISO-permission","","","https://spdx.org/licenses/ISO-permission.html"
"Jam License","Jam","Y","","https://spdx.org/licenses/Jam.html"
"JasPer License","JasPer-2.0","","","https://spdx.org/licenses/JasPer-2.0.html"
"Jove License","jove","","","https://spdx.org/licenses/jove.html"
"JPL Image Use Policy","JPL-image","","","https://spdx.org/licenses/JPL-image.html"
"Japan Network Information Center License","JPNIC","","","https://spdx.org/licenses/JPNIC.html"
"JSON License","JSON","","","https://spdx.org/licenses/JSON.html"
"Kastrup License","Kastrup","","","https://spdx.org/licenses/Kastrup.html"
"Kazlib License","Kazlib","","","https://spdx.org/licenses/Kazlib.html"
"Knuth CTAN License","Knuth-CTAN","","","https://spdx.org/licenses/Knuth-CTAN.html"
"Licence Art Libre 1.2","LAL-1.2","","","https://spdx.org/licenses/LAL-1.2.html"
"Licence Art Libre 1.3","LAL-1.3","","","https://spdx.org/licenses/LAL-1.3.html"
"Latex2e License","Latex2e","","","https://spdx.org/licenses/Latex2e.html"
"Latex2e with translated notice permission","Latex2e-translated-notice","","","https://spdx.org/licenses/Latex2e-translated-notice.html"
"Leptonica License","Leptonica","","","https://spdx.org/licenses/Leptonica.html"
"GNU Library General Public License v2 only","LGPL-2.0","Y","","https://spdx.org/licenses/LGPL-2.0.html"
"GNU Library General Public License v2 or later","LGPL-2.0+","Y","","https://spdx.org/licenses/LGPL-2.0+.html"
"GNU Library General Public License v2 only","LGPL-2.0-only","Y","","https://spdx.org/licenses/LGPL-2.0-only.html"
"GNU Library General Public License v2 or later","LGPL-2.0-or-later","Y","","https://spdx.org/licenses/LGPL-2.0-or-later.html"
"GNU Lesser General Public License v2.1 only","LGPL-2.1","Y","Y","https://spdx.org/licenses/LGPL-2.1.html"
"GNU Lesser General Public License v2.1 or later","LGPL-2.1+","Y","Y","https://spdx.org/licenses/LGPL-2.1+.html"
"GNU Lesser General Public License v2.1 only","LGPL-2.1-only","Y","Y","https://spdx.org/licenses/LGPL-2.1-only.html"
"GNU Lesser General Public License v2.1 or later","LGPL-2.1-or-later","Y","Y","https://spdx.org/licenses/LGPL-2.1-or-later.html"
"GNU Lesser General Public License v3.0 only","LGPL-3.0","Y","Y","https://spdx.org/licenses/LGPL-3.0.html"
"GNU Lesser General Public License v3.0 or later","LGPL-3.0+","Y","Y","https://spdx.org/licenses/LGPL-3.0+.html"
"GNU Lesser General Public License v3.0 only","LGPL-3.0-only","Y","Y","https://spdx.org/licenses/LGPL-3.0-only.html"
"GNU Lesser General Public License v3.0 or later","LGPL-3.0-or-later","Y","Y","https://spdx.org/licenses/LGPL-3.0-or-later.html"
"Lesser General Public License For Linguistic Resources","LGPLLR","","","https://spdx.org/licenses/LGPLLR.html"
"libpng License","Libpng","","","https://spdx.org/licenses/Libpng.html"
"PNG Reference Library License v1 (for libpng 0.5 through 1.6.35)","libpng-1.6.35","","","https://spdx.org/licenses/libpng-1.6.35.html"
"PNG Reference Library version 2","libpng-2.0","","","https://spdx.org/licenses/libpng-2.0.html"
"libselinux public domain notice","libselinux-1.0","","","https://spdx.org/licenses/libselinux-1.0.html"
"libtiff License","libtiff","","","https://spdx.org/licenses/libtiff.html"
"libutil David Nugent License","libutil-David-Nugent","","","https://spdx.org/licenses/libutil-David-Nugent.html"
"Licence Libre du Québec – Permissive version 1.1","LiLiQ-P-1.1","Y","","https://spdx.org/licenses/LiLiQ-P-1.1.html"
"Licence Libre du Québec – Réciprocité version 1.1","LiLiQ-R-1.1","Y","","https://spdx.org/licenses/LiLiQ-R-1.1.html"
"Licence Libre du Québec – Réciprocité forte version 1.1","LiLiQ-Rplus-1.1","Y","","https://spdx.org/licenses/LiLiQ-Rplus-1.1.html"
"Linux man-pages - 1 paragraph","Linux-man-pages-1-para","","","https://spdx.org/licenses/Linux-man-pages-1-para.html"
"Linux man-pages Copyleft","Linux-man-pages-copyleft","","","https://spdx.org/licenses/Linux-man-pages-copyleft.html"
"Linux man-pages Copyleft - 2 paragraphs","Linux-man-pages-copyleft-2-para","","","https://spdx.org/licenses/Linux-man-pages-copyleft-2-para.html"
"Linux man-pages Copyleft Variant","Linux-man-pages-copyleft-var","","","https://spdx.org/licenses/Linux-man-pages-copyleft-var.html"
"Linux Kernel Variant of OpenIB.org license","Linux-OpenIB","","","https://spdx.org/licenses/Linux-OpenIB.html"
"Common Lisp LOOP License","LOOP","","","https://spdx.org/licenses/LOOP.html"
"LPD Documentation License","LPD-document","","","https://spdx.org/licenses/LPD-document.html"
"Lucent Public License Version 1.0","LPL-1.0","Y","","https://spdx.org/licenses/LPL-1.0.html"
"Lucent Public License v1.02","LPL-1.02","Y","Y","https://spdx.org/licenses/LPL-1.02.html"
"LaTeX Project Public License v1.0","LPPL-1.0","","","https://spdx.org/licenses/LPPL-1.0.html"
"LaTeX Project Public License v1.1","LPPL-1.1","","","https://spdx.org/licenses/LPPL-1.1.html"
"LaTeX Project Public License v1.2","LPPL-1.2","","Y","https://spdx.org/licenses/LPPL-1.2.html"
"LaTeX Project Public License v1.3a","LPPL-1.3a","","Y","https://spdx.org/licenses/LPPL-1.3a.html"
"LaTeX Project Public License v1.3c","LPPL-1.3c","Y","","https://spdx.org/licenses/LPPL-1.3c.html"
"lsof License","lsof","","","https://spdx.org/licenses/lsof.html"
"Lucida Bitmap Fonts License","Lucida-Bitmap-Fonts","","","https://spdx.org/licenses/Lucida-Bitmap-Fonts.html"
"LZMA SDK License (versions 9.11 to 9.20)","LZMA-SDK-9.11-to-9.20","","","https://spdx.org/licenses/LZMA-SDK-9.11-to-9.20.html"
"LZMA SDK License (versions 9.22 and beyond)","LZMA-SDK-9.22","","","https://spdx.org/licenses/LZMA-SDK-9.22.html"
"Mackerras 3-Clause License","Mackerras-3-Clause","","","https://spdx.org/licenses/Mackerras-3-Clause.html"
"Mackerras 3-Clause - acknowledgment variant","Mackerras-3-Clause-acknowledgment","","","https://spdx.org/licenses/Mackerras-3-Clause-acknowledgment.html"
"magaz License","magaz","","","https://spdx.org/licenses/magaz.html"
"mailprio License","mailprio","","","https://spdx.org/licenses/mailprio.html"
"MakeIndex License","MakeIndex","","","https://spdx.org/licenses/MakeIndex.html"
"man2html License","man2html","","","https://spdx.org/licenses/man2html.html"
"Martin Birgmeier License","Martin-Birgmeier","","","https://spdx.org/licenses/Martin-Birgmeier.html"
"McPhee Slideshow License","McPhee-slideshow","","","https://spdx.org/licenses/McPhee-slideshow.html"
"metamail License","metamail","","","https://spdx.org/licenses/metamail.html"
"Minpack License","Minpack","","","https://spdx.org/licenses/Minpack.html"
"MIPS License","MIPS","","","https://spdx.org/licenses/MIPS.html"
"The MirOS Licence","MirOS","Y","","https://spdx.org/licenses/MirOS.html"
"MIT License","MIT","Y","Y","https://spdx.org/licenses/MIT.html"
"MIT No Attribution","MIT-0","Y","","https://spdx.org/licenses/MIT-0.html"
"Enlightenment License (e16)","MIT-advertising","","","https://spdx.org/licenses/MIT-advertising.html"
"MIT Click License","MIT-Click","","","https://spdx.org/licenses/MIT-Click.html"
"CMU License","MIT-CMU","","","https://spdx.org/licenses/MIT-CMU.html"
"enna License","MIT-enna","","","https://spdx.org/licenses/MIT-enna.html"
"feh License","MIT-feh","","","https://spdx.org/licenses/MIT-feh.html"
"MIT Festival Variant","MIT-Festival","","","https://spdx.org/licenses/MIT-Festival.html"
"MIT Khronos - old variant","MIT-Khronos-old","","","https://spdx.org/licenses/MIT-Khronos-old.html"
"MIT License Modern Variant","MIT-Modern-Variant","Y","","https://spdx.org/licenses/MIT-Modern-Variant.html"
"MIT Open Group variant","MIT-open-group","","","https://spdx.org/licenses/MIT-open-group.html"
"MIT-STK License","MIT-STK","","","https://spdx.org/licenses/MIT-STK.html"
"MIT testregex Variant","MIT-testregex","","","https://spdx.org/licenses/MIT-testregex.html"
"MIT Tom Wu Variant","MIT-Wu","","","https://spdx.org/licenses/MIT-Wu.html"
"MIT +no-false-attribs license","MITNFA","","","https://spdx.org/licenses/MITNFA.html"
"MMIXware License","MMIXware","","","https://spdx.org/licenses/MMIXware.html"
"Minecraft Mod Public License v1.0.1","MMPL-1.0.1","","","https://spdx.org/licenses/MMPL-1.0.1.html"
"Motosoto License","Motosoto","Y","","https://spdx.org/licenses/Motosoto.html"
"MPEG Software Simulation","MPEG-SSG","","","https://spdx.org/licenses/MPEG-SSG.html"
"mpi Permissive License","mpi-permissive","","","https://spdx.org/licenses/mpi-permissive.html"
"mpich2 License","mpich2","","","https://spdx.org/licenses/mpich2.html"
"Mozilla Public License 1.0","MPL-1.0","Y","","https://spdx.org/licenses/MPL-1.0.html"
"Mozilla Public License 1.1","MPL-1.1","Y","Y","https://spdx.org/licenses/MPL-1.1.html"
"Mozilla Public License 2.0","MPL-2.0","Y","Y","https://spdx.org/licenses/MPL-2.0.html"
"Mozilla Public License 2.0 (no copyleft exception)","MPL-2.0-no-copyleft-exception","Y","","https://spdx.org/licenses/MPL-2.0-no-copyleft-exception.html"
"mplus Font License","mplus","","","https://spdx.org/licenses/mplus.html"
"Microsoft Limited Public License","MS-LPL","","","https://spdx.org/licenses/MS-LPL.html"
"Microsoft Public License","MS-PL","Y","Y","https://spdx.org/licenses/MS-PL.html"
"Microsoft Reciprocal License","MS-RL","Y","Y","https://spdx.org/licenses/MS-RL.html"
"Matrix Template Library License","MTLL","","","https://spdx.org/licenses/MTLL.html"
"Mulan Permissive Software License, Version 1","MulanPSL-1.0","","","https://spdx.org/licenses/MulanPSL-1.0.html"
"Mulan Permissive Software License, Version 2","MulanPSL-2.0","Y","","https://spdx.org/licenses/MulanPSL-2.0.html"
"Multics License","Multics","Y","","https://spdx.org/licenses/Multics.html"
"Mup License","Mup","","","https://spdx.org/licenses/Mup.html"
"Nara Institute of Science and Technology License (2003)","NAIST-2003","","","https://spdx.org/licenses/NAIST-2003.html"
"NASA Open Source Agreement 1.3","NASA-1.3","Y","","https://spdx.org/licenses/NASA-1.3.html"
"Naumen Public License","Naumen","Y","","https://spdx.org/licenses/Naumen.html"
"Net Boolean Public License v1","NBPL-1.0","","","https://spdx.org/licenses/NBPL-1.0.html"
"NCBI Public Domain Notice","NCBI-PD","","","https://spdx.org/licenses/NCBI-PD.html"
"Non-Commercial Government Licence","NCGL-UK-2.0","","","https://spdx.org/licenses/NCGL-UK-2.0.html"
"NCL Source Code License","NCL","","","https://spdx.org/licenses/NCL.html"
"University of Illinois/NCSA Open Source License","NCSA","Y","Y","https://spdx.org/licenses/NCSA.html"
"Net-SNMP License","Net-SNMP","","","https://spdx.org/licenses/Net-SNMP.html"
"NetCDF license","NetCDF","","","https://spdx.org/licenses/NetCDF.html"
"Newsletr License","Newsletr","","","https://spdx.org/licenses/Newsletr.html"
"Nethack General Public License","NGPL","Y","","https://spdx.org/licenses/NGPL.html"
"ngrep License","ngrep","","","https://spdx.org/licenses/ngrep.html"
"NICTA Public Software License, Version 1.0","NICTA-1.0","","","https://spdx.org/licenses/NICTA-1.0.html"
"NIST Public Domain Notice","NIST-PD","","","https://spdx.org/licenses/NIST-PD.html"
"NIST Public Domain Notice with license fallback","NIST-PD-fallback","","","https://spdx.org/licenses/NIST-PD-fallback.html"
"NIST    Public Domain Notice TNT variant","NIST-PD-TNT","","","https://spdx.org/licenses/NIST-PD-TNT.html"
"NIST Software License","NIST-Software","","","https://spdx.org/licenses/NIST-Software.html"
"Norwegian Licence for Open Government Data (NLOD) 1.0","NLOD-1.0","","","https://spdx.org/licenses/NLOD-1.0.html"
"Norwegian Licence for Open Government Data (NLOD) 2.0","NLOD-2.0","","","https://spdx.org/licenses/NLOD-2.0.html"
"No Limit Public License","NLPL","","","https://spdx.org/licenses/NLPL.html"
"Nokia Open Source License","Nokia","Y","Y","https://spdx.org/licenses/Nokia.html"
"Netizen Open Source License","NOSL","","Y","https://spdx.org/licenses/NOSL.html"
"Noweb License","Noweb","","","https://spdx.org/licenses/Noweb.html"
"Netscape Public License v1.0","NPL-1.0","","Y","https://spdx.org/licenses/NPL-1.0.html"
"Netscape Public License v1.1","NPL-1.1","","Y","https://spdx.org/licenses/NPL-1.1.html"
"Non-Profit Open Software License 3.0","NPOSL-3.0","Y","","https://spdx.org/licenses/NPOSL-3.0.html"
"NRL License","NRL","","","https://spdx.org/licenses/NRL.html"
"NTIA Public Domain Notice","NTIA-PD","","","https://spdx.org/licenses/NTIA-PD.html"
"NTP License","NTP","Y","","https://spdx.org/licenses/NTP.html"
"NTP No Attribution","NTP-0","","","https://spdx.org/licenses/NTP-0.html"
"Nunit License","Nunit","","Y","https://spdx.org/licenses/Nunit.html"
"Open Use of Data Agreement v1.0","O-UDA-1.0","","","https://spdx.org/licenses/O-UDA-1.0.html"
"OAR License","OAR","","","https://spdx.org/licenses/OAR.html"
"Open CASCADE Technology Public License","OCCT-PL","","","https://spdx.org/licenses/OCCT-PL.html"
"OCLC Research Public License 2.0","OCLC-2.0","Y","","https://spdx.org/licenses/OCLC-2.0.html"
"Open Data Commons Open Database License v1.0","ODbL-1.0","","Y","https://spdx.org/licenses/ODbL-1.0.html"
"Open Data Commons Attribution License v1.0","ODC-By-1.0","","","https://spdx.org/licenses/ODC-By-1.0.html"
"OFFIS License","OFFIS","","","https://spdx.org/licenses/OFFIS.html"
"SIL Open Font License 1.0","OFL-1.0","","Y","https://spdx.org/licenses/OFL-1.0.html"
"SIL Open Font License 1.0 with no Reserved Font Name","OFL-1.0-no-RFN","","","https://spdx.org/licenses/OFL-1.0-no-RFN.html"
"SIL Open Font License 1.0 with Reserved Font Name","OFL-1.0-RFN","","","https://spdx.org/licenses/OFL-1.0-RFN.html"
"SIL Open Font License 1.1","OFL-1.1","Y","Y","https://spdx.org/licenses/OFL-1.1.html"
"SIL Open Font License 1.1 with no Reserved Font Name","OFL-1.1-no-RFN","Y","","https://spdx.org/licenses/OFL-1.1-no-RFN.html"
"SIL Open Font License 1.1 with Reserved Font Name","OFL-1.1-RFN","Y","","https://spdx.org/licenses/OFL-1.1-RFN.html"
"OGC Software License, Version 1.0","OGC-1.0","","","https://spdx.org/licenses/OGC-1.0.html"
"Taiwan Open Government Data License, version 1.0","OGDL-Taiwan-1.0","","","https://spdx.org/licenses/OGDL-Taiwan-1.0.html"
"Open Government Licence - Canada","OGL-Canada-2.0","","","https://spdx.org/licenses/OGL-Canada-2.0.html"
"Open Government Licence v1.0","OGL-UK-1.0","","","https://spdx.org/licenses/OGL-UK-1.0.html"
"Open Government Licence v2.0","OGL-UK-2.0","","","https://spdx.org/licenses/OGL-UK-2.0.html"
"Open Government Licence v3.0","OGL-UK-3.0","","","https://spdx.org/licenses/OGL-UK-3.0.html"
"Open Group Test Suite License","OGTSL","Y","","https://spdx.org/licenses/OGTSL.html"
"Open LDAP Public License v1.1","OLDAP-1.1","","","https://spdx.org/licenses/OLDAP-1.1.html"
"Open LDAP Public License v1.2","OLDAP-1.2","","","https://spdx.org/licenses/OLDAP-1.2.html"
"Open LDAP Public License v1.3","OLDAP-1.3","","","https://spdx.org/licenses/OLDAP-1.3.html"
"Open LDAP Public License v1.4","OLDAP-1.4","","","https://spdx.org/licenses/OLDAP-1.4.html"
"Open LDAP Public License v2.0 (or possibly 2.0A and 2.0B)","OLDAP-2.0","","","https://spdx.org/licenses/OLDAP-2.0.html"
"Open LDAP Public License v2.0.1","OLDAP-2.0.1","","","https://spdx.org/licenses/OLDAP-2.0.1.html"
"Open LDAP Public License v2.1","OLDAP-2.1","","","https://spdx.org/licenses/OLDAP-2.1.html"
"Open LDAP Public License v2.2","OLDAP-2.2","","","https://spdx.org/licenses/OLDAP-2.2.html"
"Open LDAP Public License v2.2.1","OLDAP-2.2.1","","","https://spdx.org/licenses/OLDAP-2.2.1.html"
"Open LDAP Public License 2.2.2","OLDAP-2.2.2","","","https://spdx.org/licenses/OLDAP-2.2.2.html"
"Open LDAP Public License v2.3","OLDAP-2.3","","Y","https://spdx.org/licenses/OLDAP-2.3.html"
"Open LDAP Public License v2.4","OLDAP-2.4","","","https://spdx.org/licenses/OLDAP-2.4.html"
"Open LDAP Public License v2.5","OLDAP-2.5","","","https://spdx.org/licenses/OLDAP-2.5.html"
"Open LDAP Public License v2.6","OLDAP-2.6","","","https://spdx.org/licenses/OLDAP-2.6.html"
"Open LDAP Public License v2.7","OLDAP-2.7","","Y","https://spdx.org/licenses/OLDAP-2.7.html"
"Open LDAP Public License v2.8","OLDAP-2.8","Y","","https://spdx.org/licenses/OLDAP-2.8.html"
"Open Logistics Foundation License Version 1.3","OLFL-1.3","Y","","https://spdx.org/licenses/OLFL-1.3.html"
"Open Market License","OML","","","https://spdx.org/licenses/OML.html"
"OpenMDW License Agreement v1.0","OpenMDW-1.0","","","https://spdx.org/licenses/OpenMDW-1.0.html"
"OpenPBS v2.3 Software License","OpenPBS-2.3","","","https://spdx.org/licenses/OpenPBS-2.3.html"
"OpenSSL License","OpenSSL","","Y","https://spdx.org/licenses/OpenSSL.html"
"OpenSSL License - standalone","OpenSSL-standalone","","","https://spdx.org/licenses/OpenSSL-standalone.html"
"OpenVision License","OpenVision","","","https://spdx.org/licenses/OpenVision.html"
"Open Public License v1.0","OPL-1.0","","","https://spdx.org/licenses/OPL-1.0.html"
"United    Kingdom Open Parliament Licence v3.0","OPL-UK-3.0","","","https://spdx.org/licenses/OPL-UK-3.0.html"
"Open Publication License v1.0","OPUBL-1.0","","","https://spdx.org/licenses/OPUBL-1.0.html"
"OSC License 1.0","OSC-1.0","Y","","https://spdx.org/licenses/OSC-1.0.html"
"OSET Public License version 2.1","OSET-PL-2.1","Y","","https://spdx.org/licenses/OSET-PL-2.1.html"
"Open Software License 1.0","OSL-1.0","Y","Y","https://spdx.org/licenses/OSL-1.0.html"
"Open Software License 1.1","OSL-1.1","","Y","https://spdx.org/licenses/OSL-1.1.html"
"Open Software License 2.0","OSL-2.0","Y","Y","https://spdx.org/licenses/OSL-2.0.html"
"Open Software License 2.1","OSL-2.1","Y","Y","https://spdx.org/licenses/OSL-2.1.html"
"Open Software License 3.0","OSL-3.0","Y","Y","https://spdx.org/licenses/OSL-3.0.html"
"OSSP License","OSSP","","","https://spdx.org/licenses/OSSP.html"
"PADL License","PADL","","","https://spdx.org/licenses/PADL.html"
"ParaType Free Font Licensing Agreement v1.3","ParaType-Free-Font-1.3","","","https://spdx.org/licenses/ParaType-Free-Font-1.3.html"
"The Parity Public License 6.0.0","Parity-6.0.0","","","https://spdx.org/licenses/Parity-6.0.0.html"
"The Parity Public License 7.0.0","Parity-7.0.0","","","https://spdx.org/licenses/Parity-7.0.0.html"
"Open Data Commons Public Domain Dedication & License 1.0","PDDL-1.0","","","https://spdx.org/licenses/PDDL-1.0.html"
"PHP License v3.0","PHP-3.0","Y","","https://spdx.org/licenses/PHP-3.0.html"
"PHP License v3.01","PHP-3.01","Y","Y","https://spdx.org/licenses/PHP-3.01.html"
"Pixar License","Pixar","","","https://spdx.org/licenses/Pixar.html"
"pkgconf License","pkgconf","","","https://spdx.org/licenses/pkgconf.html"
"Plexus Classworlds License","Plexus","","","https://spdx.org/licenses/Plexus.html"
"pnmstitch License","pnmstitch","","","https://spdx.org/licenses/pnmstitch.html"
"PolyForm Noncommercial License 1.0.0","PolyForm-Noncommercial-1.0.0","","","https://spdx.org/licenses/PolyForm-Noncommercial-1.0.0.html"
"PolyForm Small Business License 1.0.0","PolyForm-Small-Business-1.0.0","","","https://spdx.org/licenses/PolyForm-Small-Business-1.0.0.html"
"PostgreSQL License","PostgreSQL","Y","","https://spdx.org/licenses/PostgreSQL.html"
"Peer Production License","PPL","","","https://spdx.org/licenses/PPL.html"
"Python Software Foundation License 2.0","PSF-2.0","","","https://spdx.org/licenses/PSF-2.0.html"
"psfrag License","psfrag","","","https://spdx.org/licenses/psfrag.html"
"psutils License","psutils","","","https://spdx.org/licenses/psutils.html"
"Python License 2.0","Python-2.0","Y","Y","https://spdx.org/licenses/Python-2.0.html"
"Python License 2.0.1","Python-2.0.1","","","https://spdx.org/licenses/Python-2.0.1.html"
"Python ldap License","python-ldap","","","https://spdx.org/licenses/python-ldap.html"
"Qhull License","Qhull","","","https://spdx.org/licenses/Qhull.html"
"Q Public License 1.0","QPL-1.0","Y","Y","https://spdx.org/licenses/QPL-1.0.html"
"Q Public License 1.0 - INRIA 2004 variant","QPL-1.0-INRIA-2004","","","https://spdx.org/licenses/QPL-1.0-INRIA-2004.html"
"radvd License","radvd","","","https://spdx.org/licenses/radvd.html"
"Rdisc License","Rdisc","","","https://spdx.org/licenses/Rdisc.html"
"Red Hat eCos Public License v1.1","RHeCos-1.1","","","https://spdx.org/licenses/RHeCos-1.1.html"
"Reciprocal Public License 1.1","RPL-1.1","Y","","https://spdx.org/licenses/RPL-1.1.html"
"Reciprocal Public License 1.5","RPL-1.5","Y","","https://spdx.org/licenses/RPL-1.5.html"
"RealNetworks Public Source License v1.0","RPSL-1.0","Y","Y","https://spdx.org/licenses/RPSL-1.0.html"
"RSA Message-Digest License","RSA-MD","","","https://spdx.org/licenses/RSA-MD.html"
"Ricoh Source Code Public License","RSCPL","Y","","https://spdx.org/licenses/RSCPL.html"
"Ruby License","Ruby","","Y","https://spdx.org/licenses/Ruby.html"
"Ruby pty extension license","Ruby-pty","","","https://spdx.org/licenses/Ruby-pty.html"
"Sax Public Domain Notice","SAX-PD","","","https://spdx.org/licenses/SAX-PD.html"
"Sax Public Domain Notice 2.0","SAX-PD-2.0","","","https://spdx.org/licenses/SAX-PD-2.0.html"
"Saxpath License","Saxpath","","","https://spdx.org/licenses/Saxpath.html"
"SCEA Shared Source License","SCEA","","","https://spdx.org/licenses/SCEA.html"
"Scheme Language Report License","SchemeReport","","","https://spdx.org/licenses/SchemeReport.html"
"Sendmail License","Sendmail","","","https://spdx.org/licenses/Sendmail.html"
"Sendmail License 8.23","Sendmail-8.23","","","https://spdx.org/licenses/Sendmail-8.23.html"
"Sendmail Open Source License v1.1","Sendmail-Open-Source-1.1","","","https://spdx.org/licenses/Sendmail-Open-Source-1.1.html"
"SGI Free Software License B v1.0","SGI-B-1.0","","","https://spdx.org/licenses/SGI-B-1.0.html"
"SGI Free Software License B v1.1","SGI-B-1.1","","","https://spdx.org/licenses/SGI-B-1.1.html"
"SGI Free Software License B v2.0","SGI-B-2.0","","Y","https://spdx.org/licenses/SGI-B-2.0.html"
"SGI OpenGL License","SGI-OpenGL","","","https://spdx.org/licenses/SGI-OpenGL.html"
"SGMLUG Parser Materials License","SGMLUG-PM","","","https://spdx.org/licenses/SGMLUG-PM.html"
"SGP4 Permission Notice","SGP4","","","https://spdx.org/licenses/SGP4.html"
"Solderpad Hardware License v0.5","SHL-0.5","","","https://spdx.org/licenses/SHL-0.5.html"
"Solderpad Hardware License, Version 0.51","SHL-0.51","","","https://spdx.org/licenses/SHL-0.51.html"
"Simple Public License 2.0","SimPL-2.0","Y","","https://spdx.org/licenses/SimPL-2.0.html"
"Sun Industry Standards Source License v1.1","SISSL","Y","Y","https://spdx.org/licenses/SISSL.html"
"Sun Industry Standards Source License v1.2","SISSL-1.2","","","https://spdx.org/licenses/SISSL-1.2.html"
"SL License","SL","","","https://spdx.org/licenses/SL.html"
"Sleepycat License","Sleepycat","Y","Y","https://spdx.org/licenses/Sleepycat.html"
"SMAIL General Public License","SMAIL-GPL","","","https://spdx.org/licenses/SMAIL-GPL.html"
"Standard ML of New Jersey License","SMLNJ","","Y","https://spdx.org/licenses/SMLNJ.html"
"Secure Messaging Protocol Public License","SMPPL","","","https://spdx.org/licenses/SMPPL.html"
"SNIA Public License 1.1","SNIA","","","https://spdx.org/licenses/SNIA.html"
"snprintf License","snprintf","","","https://spdx.org/licenses/snprintf.html"
"SOFA Software License","SOFA","","","https://spdx.org/licenses/SOFA.html"
"softSurfer License","softSurfer","","","https://spdx.org/licenses/softSurfer.html"
"Soundex License","Soundex","","","https://spdx.org/licenses/Soundex.html"
"Spencer License 86","Spencer-86","","","https://spdx.org/licenses/Spencer-86.html"
"Spencer License 94","Spencer-94","","","https://spdx.org/licenses/Spencer-94.html"
"Spencer License 99","Spencer-99","","","https://spdx.org/licenses/Spencer-99.html"
"Sun Public License v1.0","SPL-1.0","Y","Y","https://spdx.org/licenses/SPL-1.0.html"
"ssh-keyscan License","ssh-keyscan","","","https://spdx.org/licenses/ssh-keyscan.html"
"SSH OpenSSH license","SSH-OpenSSH","","","https://spdx.org/licenses/SSH-OpenSSH.html"
"SSH short notice","SSH-short","","","https://spdx.org/licenses/SSH-short.html"
"SSLeay License - standalone","SSLeay-standalone","","","https://spdx.org/licenses/SSLeay-standalone.html"
"Server Side Public License, v 1","SSPL-1.0","","","https://spdx.org/licenses/SSPL-1.0.html"
"Standard ML of New Jersey License","StandardML-NJ","","Y","https://spdx.org/licenses/StandardML-NJ.html"
"SugarCRM Public License v1.1.3","SugarCRM-1.1.3","","","https://spdx.org/licenses/SugarCRM-1.1.3.html"
"Sustainable Use License v1.0","SUL-1.0","","","https://spdx.org/licenses/SUL-1.0.html"
"Sun PPP License","Sun-PPP","","","https://spdx.org/licenses/Sun-PPP.html"
"Sun PPP License (2000)","Sun-PPP-2000","","","https://spdx.org/licenses/Sun-PPP-2000.html"
"SunPro License","SunPro","","","https://spdx.org/licenses/SunPro.html"
"Scheme Widget Library (SWL) Software License Agreement","SWL","","","https://spdx.org/licenses/SWL.html"
"swrule License","swrule","","","https://spdx.org/licenses/swrule.html"
"Symlinks License","Symlinks","","","https://spdx.org/licenses/Symlinks.html"
"TAPR Open Hardware License v1.0","TAPR-OHL-1.0","","","https://spdx.org/licenses/TAPR-OHL-1.0.html"
"TCL/TK License","TCL","","","https://spdx.org/licenses/TCL.html"
"TCP Wrappers License","TCP-wrappers","","","https://spdx.org/licenses/TCP-wrappers.html"
"TekHVC License","TekHVC","","","https://spdx.org/licenses/TekHVC.html"
"TermReadKey License","TermReadKey","","","https://spdx.org/licenses/TermReadKey.html"
"Transitive Grace Period Public Licence 1.0","TGPPL-1.0","","","https://spdx.org/licenses/TGPPL-1.0.html"
"ThirdEye License","ThirdEye","","","https://spdx.org/licenses/ThirdEye.html"
"threeparttable License","threeparttable","","","https://spdx.org/licenses/threeparttable.html"
"TMate Open Source License","TMate","","","https://spdx.org/licenses/TMate.html"
"TORQUE v2.5+ Software License v1.1","TORQUE-1.1","","","https://spdx.org/licenses/TORQUE-1.1.html"
"Trusster Open Source License","TOSL","","","https://spdx.org/licenses/TOSL.html"
"Time::ParseDate License","TPDL","","","https://spdx.org/licenses/TPDL.html"
"THOR Public License 1.0","TPL-1.0","","","https://spdx.org/licenses/TPL-1.0.html"
"TrustedQSL License","TrustedQSL","","","https://spdx.org/licenses/TrustedQSL.html"
"Text-Tabs+Wrap License","TTWL","","","https://spdx.org/licenses/TTWL.html"
"TTYP0 License","TTYP0","","","https://spdx.org/licenses/TTYP0.html"
"Technische Universitaet Berlin License 1.0","TU-Berlin-1.0","","","https://spdx.org/licenses/TU-Berlin-1.0.html"
"Technische Universitaet Berlin License 2.0","TU-Berlin-2.0","","","https://spdx.org/licenses/TU-Berlin-2.0.html"
"Ubuntu Font Licence v1.0","Ubuntu-font-1.0","","","https://spdx.org/licenses/Ubuntu-font-1.0.html"
"UCAR License","UCAR","","","https://spdx.org/licenses/UCAR.html"
"Upstream Compatibility License v1.0","UCL-1.0","Y","","https://spdx.org/licenses/UCL-1.0.html"
"ulem License","ulem","","","https://spdx.org/licenses/ulem.html"
"Michigan/Merit Networks License","UMich-Merit","","","https://spdx.org/licenses/UMich-Merit.html"
"Unicode License v3","Unicode-3.0","Y","","https://spdx.org/licenses/Unicode-3.0.html"
"Unicode License Agreement - Data Files and Software (2015)","Unicode-DFS-2015","","","https://spdx.org/licenses/Unicode-DFS-2015.html"
"Unicode License Agreement - Data Files and Software (2016)","Unicode-DFS-2016","Y","","https://spdx.org/licenses/Unicode-DFS-2016.html"
"Unicode Terms of Use","Unicode-TOU","","","https://spdx.org/licenses/Unicode-TOU.html"
"UnixCrypt License","UnixCrypt","","","https://spdx.org/licenses/UnixCrypt.html"
"The Unlicense","Unlicense","Y","Y","https://spdx.org/licenses/Unlicense.html"
"Unlicense - libtelnet variant","Unlicense-libtelnet","","","https://spdx.org/licenses/Unlicense-libtelnet.html"
"Unlicense - libwhirlpool variant","Unlicense-libwhirlpool","","","https://spdx.org/licenses/Unlicense-libwhirlpool.html"
"UnRAR License","UnRAR","","","https://spdx.org/licenses/UnRAR.html"
"Universal Permissive License v1.0","UPL-1.0","Y","Y","https://spdx.org/licenses/UPL-1.0.html"
"Utah Raster Toolkit Run Length Encoded License","URT-RLE","","","https://spdx.org/licenses/URT-RLE.html"
"Vim License","Vim","","Y","https://spdx.org/licenses/Vim.html"
"Vixie Cron License","Vixie-Cron","","","https://spdx.org/licenses/Vixie-Cron.html"
"VOSTROM Public License for Open Source","VOSTROM","","","https://spdx.org/licenses/VOSTROM.html"
"Vovida Software License v1.0","VSL-1.0","Y","","https://spdx.org/licenses/VSL-1.0.html"
"W3C Software Notice and License (2002-12-31)","W3C","Y","Y","https://spdx.org/licenses/W3C.html"
"W3C Software Notice and License (1998-07-20)","W3C-19980720","","","https://spdx.org/licenses/W3C-19980720.html"
"W3C Software Notice and Document License (2015-05-13)","W3C-20150513","Y","","https://spdx.org/licenses/W3C-20150513.html"
"w3m License","w3m","","","https://spdx.org/licenses/w3m.html"
"Sybase Open Watcom Public License 1.0","Watcom-1.0","Y","","https://spdx.org/licenses/Watcom-1.0.html"
"Widget Workshop License","Widget-Workshop","","","https://spdx.org/licenses/Widget-Workshop.html"
"WordNet License","WordNet","Y","","https://spdx.org/licenses/WordNet.html"
"Wsuipa License","Wsuipa","","","https://spdx.org/licenses/Wsuipa.html"
"Do What The F*ck You Want To But It's Not My Fault Public License","WTFNMFPL","","","https://spdx.org/licenses/WTFNMFPL.html"
"Do What The F*ck You Want To Public License","WTFPL","","Y","https://spdx.org/licenses/WTFPL.html"
"WWL License","wwl","","","https://spdx.org/licenses/wwl.html"
"wxWindows Library License","wxWindows","Y","","https://spdx.org/licenses/wxWindows.html"
"X11 License","X11","","Y","https://spdx.org/licenses/X11.html"
"X11 License Distribution Modification Variant","X11-distribute-modifications-variant","","","https://spdx.org/licenses/X11-distribute-modifications-variant.html"
"X11 no permit persons clause","X11-no-permit-persons","","","https://spdx.org/licenses/X11-no-permit-persons.html"
"X11 swapped final paragraphs","X11-swapped","","","https://spdx.org/licenses/X11-swapped.html"
"Xdebug License v 1.03","Xdebug-1.03","","","https://spdx.org/licenses/Xdebug-1.03.html"
"Xerox License","Xerox","","","https://spdx.org/licenses/Xerox.html"
"Xfig License","Xfig","","","https://spdx.org/licenses/Xfig.html"
"XFree86 License 1.1","XFree86-1.1","","Y","https://spdx.org/licenses/XFree86-1.1.html"
"xinetd License","xinetd","","Y","https://spdx.org/licenses/xinetd.html"
"xkeyboard-config Zinoviev License","xkeyboard-config-Zinoviev","","","https://spdx.org/licenses/xkeyboard-config-Zinoviev.html"
"xlock License","xlock","","","https://spdx.org/licenses/xlock.html"
"X.Net License","Xnet","Y","","https://spdx.org/licenses/Xnet.html"
"XPP License","xpp","","","https://spdx.org/licenses/xpp.html"
"XSkat License","XSkat","","","https://spdx.org/licenses/XSkat.html"
"xzoom License","xzoom","","","https://spdx.org/licenses/xzoom.html"
"Yahoo! Public License v1.0","YPL-1.0","","","https://spdx.org/licenses/YPL-1.0.html"
"Yahoo! Public License v1.1","YPL-1.1","","Y","https://spdx.org/licenses/YPL-1.1.html"
"Zed License","Zed","","","https://spdx.org/licenses/Zed.html"
"Zeeff License","Zeeff","","","https://spdx.org/licenses/Zeeff.html"
"Zend License v2.0","Zend-2.0","","Y","https://spdx.org/licenses/Zend-2.0.html"
"Zimbra Public License v1.3","Zimbra-1.3","","Y","https://spdx.org/licenses/Zimbra-1.3.html"
"Zimbra Public License v1.4","Zimbra-1.4","","","https://spdx.org/licenses/Zimbra-1.4.html"
"zlib License","Zlib","Y","Y","https://spdx.org/licenses/Zlib.html"
"zlib/libpng License with Acknowledgement","zlib-acknowledgement","","","https://spdx.org/licenses/zlib-acknowledgement.html"
"Zope Public License 1.1","ZPL-1.1","","","https://spdx.org/licenses/ZPL-1.1.html"
"Zope Public License 2.0","ZPL-2.0","Y","Y","https://spdx.org/licenses/ZPL-2.0.html"
"Zope Public License 2.1","ZPL-2.1","Y","Y","https://spdx.org/licenses/ZPL-2.1.html"
